{
	"format_version": "1.8.0",
	"animations": {
		"animation.blue_melee_minion.idle": {
			"loop": true,
			"animation_length": 2,
			"bones": {
				"mask": {
					"position": {
						"0.0": {
							"vector": [0, 0, 0]
						},
						"0.5": {
							"vector": [0, -0.2, 0],
							"easing": "linear"
						},
						"1.0": {
							"vector": [0, 0, 0],
							"easing": "easeInOutSine"
						},
						"1.5": {
							"vector": [0, 0.2, 0],
							"easing": "linear"
						},
						"2.0": {
							"vector": [0, 0, 0],
							"easing": "easeInOutSine"
						}
					}
				},
				"leftArm": {
					"rotation": {
						"0.0": {
							"vector": [0, 42.5, 0]
						},
						"0.5": {
							"vector": [4.56615, 42.30053, 6.76733]
						},
						"1.0": {
							"vector": [0, 42.5, 0]
						},
						"1.5": {
							"vector": [-4.56615, 42.30053, -6.76733]
						},
						"2.0": {
							"vector": [0, 42.5, 0]
						}
					},
					"position": {
						"0.0": {
							"vector": [0, 0, 0]
						},
						"1.0": {
							"vector": [0, 0, 0]
						},
						"2.0": {
							"vector": [0, 0, 0]
						}
					}
				},
				"leftForearm": {
					"rotation": {
						"0.0": {
							"vector": [-2.20462, 12.3071, -10.23772]
						},
						"0.5": {
							"vector": [-2.20462, 12.3071, -10.23772]
						},
						"1.0": {
							"vector": [-2.20462, 12.3071, -10.23772]
						},
						"1.5": {
							"vector": [-2.20462, 12.3071, -10.23772]
						},
						"2.0": {
							"vector": [-2.20462, 12.3071, -10.23772]
						}
					},
					"position": {
						"0.0": {
							"vector": [0, 0, 0]
						},
						"1.0": {
							"vector": [0, 0, 0]
						},
						"2.0": {
							"vector": [0, 0, 0]
						}
					}
				},
				"rightArm": {
					"rotation": {
						"0.0": {
							"vector": [-32.5, 12.5, 0]
						},
						"0.5": {
							"vector": [-33.32715, 9.78185, -4.27771]
						},
						"1.0": {
							"vector": [-32.5, 12.5, 0]
						},
						"1.5": {
							"vector": [-31.45563, 15.14927, 4.36747]
						},
						"2.0": {
							"vector": [-32.5, 12.5, 0]
						}
					},
					"position": {
						"0.0": {
							"vector": [0, 0, 0]
						},
						"1.0": {
							"vector": [0, 0, 0]
						},
						"2.0": {
							"vector": [0, 0, 0]
						}
					}
				},
				"rightForearm": {
					"rotation": {
						"0.0": {
							"vector": [-44.55232, 6.70734, -26.032]
						},
						"0.5": {
							"vector": [-44.78675, 8.48541, -27.80504]
						},
						"1.0": {
							"vector": [-44.55232, 6.70734, -26.032]
						},
						"1.5": {
							"vector": [-44.37395, 4.92294, -24.27189]
						},
						"2.0": {
							"vector": [-44.55232, 6.70734, -26.032]
						}
					},
					"position": {
						"0.0": {
							"vector": [0, 0, 0]
						},
						"1.0": {
							"vector": [0, 0, 0]
						},
						"2.0": {
							"vector": [0, 0, 0]
						}
					}
				},
				"hammer": {
					"rotation": {
						"0.0": {
							"vector": [-4.6519, -11.72234, -10.01732]
						},
						"1.0": {
							"vector": [-4.6519, -11.72234, -10.01732]
						},
						"2.0": {
							"vector": [-4.6519, -11.72234, -10.01732]
						}
					},
					"position": {
						"0.0": {
							"vector": [-0.11168, 0.22352, 0.00817]
						},
						"1.0": {
							"vector": [-0.11168, 0.22352, 0.00817]
						},
						"2.0": {
							"vector": [-0.11168, 0.22352, 0.00817]
						}
					}
				},
				"shield": {
					"rotation": {
						"0.0": {
							"vector": [2.82037, -55.55968, 8.72936]
						},
						"0.5": {
							"vector": [2.45677, -54.67502, 0.06159]
						},
						"1.0": {
							"vector": [2.82037, -55.55968, 8.72936]
						},
						"1.5": {
							"vector": [0.48893, -55.92289, 17.59414]
						},
						"2.0": {
							"vector": [2.82037, -55.55968, 8.72936]
						}
					},
					"position": {
						"0.0": {
							"vector": [-8.04628, 0, 2.69929]
						},
						"1.0": {
							"vector": [-8.04628, 0, 2.69929]
						},
						"2.0": {
							"vector": [-8.04628, 0, 2.69929]
						}
					}
				},
				"body": {
					"position": {
						"0.0": {
							"vector": [0, 0, 0]
						},
						"1.0": {
							"vector": [0, 1, 0],
							"easing": "easeInOutSine"
						},
						"2.0": {
							"vector": [0, 0, 0],
							"easing": "easeInOutSine"
						}
					}
				}
			}
		},
		"animation.blue_melee_minion.run": {
			"loop": true,
			"animation_length": 1,
			"bones": {
				"body": {
					"rotation": {
						"0.0": {
							"vector": [5, -5, 0]
						},
						"0.5": {
							"vector": [5, 5, 0],
							"easing": "easeOutSine"
						},
						"1.0": {
							"vector": [5, -5, 0],
							"easing": "easeOutSine"
						}
					},
					"position": {
						"0.0": {
							"vector": [0, 0, 0]
						},
						"0.25": {
							"vector": [0, 1, 0],
							"easing": "easeInSine"
						},
						"0.5": {
							"vector": [0, 0, 0]
						},
						"0.75": {
							"vector": [0, 1, 0],
							"easing": "easeInSine"
						},
						"1.0": {
							"vector": [0, 0, 0]
						}
					}
				},
				"mask": {
					"rotation": {
						"vector": [-5, 0, 0]
					},
					"position": {
						"0.0": {
							"vector": [0, 0, 0]
						},
						"0.1": {
							"vector": [0, -0.25, 0]
						},
						"0.35": {
							"vector": [0, 0.25, 0]
						},
						"0.5": {
							"vector": [0, 0, 0]
						},
						"0.6": {
							"vector": [0, -0.25, 0]
						},
						"0.85": {
							"vector": [0, 0.25, 0]
						},
						"1.0": {
							"vector": [0, 0, 0]
						}
					}
				},
				"leftArm": {
					"rotation": {
						"0.0": {
							"vector": [0, 42.5, 0]
						},
						"0.25": {
							"vector": [-9.04107, 41.70738, -13.4502]
						},
						"0.5": {
							"vector": [0, 42.5, 0]
						},
						"0.75": {
							"vector": [-9.04107, 41.70738, -13.4502]
						},
						"1.0": {
							"vector": [0, 42.5, 0]
						}
					},
					"position": {
						"0.0": {
							"vector": [0, 0, 0]
						},
						"0.5": {
							"vector": [0, 0, 0]
						},
						"1.0": {
							"vector": [0, 0, 0]
						}
					}
				},
				"leftForearm": {
					"rotation": {
						"0.0": {
							"vector": [-2.20462, 12.3071, -10.23772]
						},
						"0.5": {
							"vector": [-2.20462, 12.3071, -10.23772]
						},
						"1.0": {
							"vector": [-2.20462, 12.3071, -10.23772]
						}
					},
					"position": {
						"0.0": {
							"vector": [0, 0, 0]
						},
						"0.5": {
							"vector": [0, 0, 0]
						},
						"1.0": {
							"vector": [0, 0, 0]
						}
					}
				},
				"shield": {
					"rotation": {
						"0.0": {
							"vector": [2.82037, -55.55968, 8.72936]
						},
						"0.25": {
							"vector": [-8.06675, -55.21437, 21.93887]
						},
						"0.5": {
							"vector": [2.82037, -55.55968, 8.72936]
						},
						"0.75": {
							"vector": [-8.06675, -55.21437, 21.93887]
						},
						"1.0": {
							"vector": [2.82037, -55.55968, 8.72936]
						}
					},
					"position": {
						"0.0": {
							"vector": [-8.04628, 0, 2.69929]
						},
						"0.5": {
							"vector": [-8.04628, 0, 2.69929]
						},
						"1.0": {
							"vector": [-8.04628, 0, 2.69929]
						}
					}
				},
				"rightArm": {
					"rotation": {
						"0.0": {
							"vector": [-32.5, 12.5, 0]
						},
						"0.25": {
							"vector": [-29.46973, 18.95621, 11.12855]
						},
						"0.5": {
							"vector": [-30.85029, 16.44275, 6.59087]
						},
						"0.75": {
							"vector": [-29.46973, 18.95621, 11.12855]
						},
						"1.0": {
							"vector": [-32.5, 12.5, 0]
						}
					},
					"position": {
						"0.0": {
							"vector": [0, 0, 0]
						},
						"0.5": {
							"vector": [0, 0, 0]
						},
						"1.0": {
							"vector": [0, 0, 0]
						}
					}
				},
				"rightForearm": {
					"rotation": {
						"0.0": {
							"vector": [-44.55232, 6.70734, -26.032]
						},
						"0.25": {
							"vector": [-44.67022, -5.63134, -38.46661]
						},
						"0.5": {
							"vector": [-44.55232, 6.70734, -26.032]
						},
						"0.75": {
							"vector": [-44.67022, -5.63134, -38.46661]
						},